18688881000,iphone
18688881001,iphone
18688881002,vivo
18688881003,huawei
18688881004,huawei
18688881005,xiaomi
18688881006,vivo
18688881007,iphone
18688881008,vivo
18688881009,huawei
18688881010,iphone
18688881011,xiaomi
18688881012,huawei
18688881013,xiaomi
18688881014,vivo
18688881015,iphone
18688881016,xiaomi
18688881017,vivo
18688881018,huawei
18688881019,iphone
18688881020,vivo
18688881021,xiaomi
18688881022,huawei
18688881023,vivo
18688881024,huawei
18688881025,iphone
18688881026,huawei
18688881027,xiaomi
18688881028,xiaomi
18688881029,huawei
18688881030,huawei
18688881031,vivo
18688881032,vivo
18688881033,vivo
18688881034,iphone
18688881035,iphone
18688881036,xiaomi
18688881037,iphone
18688881038,iphone
18688881039,iphone
18688881040,huawei
18688881041,vivo
18688881042,iphone
18688881043,huawei
18688881044,xiaomi
18688881045,xiaomi
18688881046,xiaomi
18688881047,xiaomi
18688881048,xiaomi
18688881049,huawei
18688881050,xiaomi
18688881051,xiaomi
18688881052,iphone
18688881053,iphone
18688881054,iphone
18688881055,huawei
18688881056,iphone
18688881057,vivo
18688881058,xiaomi
18688881059,vivo
18688881060,vivo
18688881061,vivo
18688881062,xiaomi
18688881063,vivo
18688881064,vivo
18688881065,huawei
18688881066,xiaomi
18688881067,xiaomi
18688881068,vivo
18688881069,huawei
18688881070,iphone
18688881071,iphone
18688881072,xiaomi
18688881073,huawei
18688881074,xiaomi
18688881075,iphone
18688881076,huawei
18688881077,xiaomi
18688881078,huawei
18688881079,vivo
18688881080,iphone
18688881081,iphone
18688881082,iphone
18688881083,vivo
18688881084,huawei
18688881085,vivo
18688881086,vivo
18688881087,huawei
18688881088,huawei
18688881089,xiaomi
18688881090,iphone
18688881091,iphone
18688881092,vivo
18688881093,iphone
18688881094,xiaomi
18688881095,huawei
18688881096,huawei
18688881097,vivo
18688881098,huawei
18688881099,iphone
18688881100,vivo
18688881101,xiaomi
18688881102,xiaomi
18688881103,xiaomi
18688881104,xiaomi
18688881105,vivo
18688881106,xiaomi
18688881107,vivo
18688881108,xiaomi
18688881109,xiaomi
18688881110,vivo
18688881111,iphone
18688881112,vivo
18688881113,iphone
18688881114,xiaomi
18688881115,vivo
18688881116,huawei
18688881117,huawei
18688881118,huawei
18688881119,huawei
18688881120,vivo
18688881121,vivo
18688881122,vivo
18688881123,xiaomi
18688881124,xiaomi
18688881125,xiaomi
18688881126,xiaomi
18688881127,iphone
18688881128,xiaomi
18688881129,xiaomi
18688881130,xiaomi
18688881131,huawei
18688881132,iphone
18688881133,xiaomi
18688881134,vivo
18688881135,iphone
18688881136,vivo
18688881137,xiaomi
18688881138,huawei
18688881139,xiaomi
18688881140,vivo
18688881141,iphone
18688881142,huawei
18688881143,xiaomi
18688881144,xiaomi
18688881145,xiaomi
18688881146,huawei
18688881147,huawei
18688881148,iphone
18688881149,xiaomi
18688881150,vivo
18688881151,iphone
18688881152,iphone
18688881153,huawei
18688881154,iphone
18688881155,huawei
18688881156,iphone
18688881157,iphone
18688881158,xiaomi
18688881159,vivo
18688881160,vivo
18688881161,iphone
18688881162,xiaomi
18688881163,huawei
18688881164,iphone
18688881165,xiaomi
18688881166,vivo
18688881167,xiaomi
18688881168,vivo
18688881169,iphone
18688881170,vivo
18688881171,xiaomi
18688881172,huawei
18688881173,huawei
18688881174,iphone
18688881175,vivo
18688881176,huawei
18688881177,vivo
18688881178,vivo
18688881179,iphone
18688881180,vivo
18688881181,huawei
18688881182,huawei
18688881183,huawei
18688881184,huawei
18688881185,vivo
18688881186,xiaomi
18688881187,xiaomi
18688881188,vivo
18688881189,vivo
18688881190,huawei
18688881191,xiaomi
18688881192,vivo
18688881193,xiaomi
18688881194,iphone
18688881195,iphone
18688881196,xiaomi
18688881197,xiaomi
18688881198,vivo
18688881199,iphone
18688881200,vivo
18688881201,vivo
18688881202,huawei
18688881203,iphone
18688881204,huawei
18688881205,huawei
18688881206,xiaomi
18688881207,vivo
18688881208,iphone
18688881209,huawei
18688881210,xiaomi
18688881211,iphone
18688881212,huawei
18688881213,iphone
18688881214,huawei
18688881215,iphone
18688881216,xiaomi
18688881217,xiaomi
18688881218,vivo
18688881219,vivo
18688881220,xiaomi
18688881221,iphone
18688881222,huawei
18688881223,iphone
18688881224,xiaomi
18688881225,huawei
18688881226,iphone
18688881227,huawei
18688881228,huawei
18688881229,iphone
18688881230,xiaomi
18688881231,vivo
18688881232,vivo
18688881233,iphone
18688881234,vivo
18688881235,vivo
18688881236,huawei
18688881237,vivo
18688881238,vivo
18688881239,vivo
18688881240,xiaomi
18688881241,iphone
18688881242,vivo
18688881243,vivo
18688881244,huawei
18688881245,iphone
18688881246,iphone
18688881247,iphone
18688881248,iphone
18688881249,vivo
18688881250,vivo
18688881251,huawei
18688881252,xiaomi
18688881253,iphone
18688881254,vivo
18688881255,xiaomi
18688881256,iphone
18688881257,vivo
18688881258,vivo
18688881259,vivo
18688881260,xiaomi
18688881261,huawei
18688881262,iphone
18688881263,vivo
18688881264,vivo
18688881265,xiaomi
18688881266,xiaomi
18688881267,xiaomi
18688881268,xiaomi
18688881269,iphone
18688881270,huawei
18688881271,huawei
18688881272,huawei
18688881273,huawei
18688881274,xiaomi
18688881275,huawei
18688881276,vivo
18688881277,iphone
18688881278,xiaomi
18688881279,huawei
18688881280,xiaomi
18688881281,vivo
18688881282,vivo
18688881283,xiaomi
18688881284,huawei
18688881285,xiaomi
18688881286,huawei
18688881287,huawei
18688881288,vivo
18688881289,iphone
18688881290,vivo
18688881291,vivo
18688881292,iphone
18688881293,iphone
18688881294,iphone
18688881295,xiaomi
18688881296,huawei
18688881297,iphone
18688881298,huawei
18688881299,vivo
18688881300,huawei
18688881301,huawei
18688881302,xiaomi
18688881303,iphone
18688881304,huawei
18688881305,xiaomi
18688881306,xiaomi
18688881307,iphone
18688881308,iphone
18688881309,vivo
18688881310,iphone
18688881311,vivo
18688881312,huawei
18688881313,vivo
18688881314,vivo
18688881315,iphone
18688881316,vivo
18688881317,iphone
18688881318,xiaomi
18688881319,vivo
18688881320,huawei
18688881321,xiaomi
18688881322,xiaomi
18688881323,xiaomi
18688881324,huawei
18688881325,iphone
18688881326,iphone
18688881327,xiaomi
18688881328,huawei
18688881329,iphone
18688881330,huawei
18688881331,xiaomi
18688881332,huawei
18688881333,iphone
18688881334,iphone
18688881335,vivo
18688881336,xiaomi
18688881337,iphone
18688881338,vivo
18688881339,vivo
18688881340,xiaomi
18688881341,iphone
18688881342,xiaomi
18688881343,vivo
18688881344,xiaomi
18688881345,iphone
18688881346,xiaomi
18688881347,xiaomi
18688881348,xiaomi
18688881349,vivo
18688881350,vivo
18688881351,vivo
18688881352,xiaomi
18688881353,xiaomi
18688881354,huawei
18688881355,iphone
18688881356,iphone
18688881357,iphone
18688881358,iphone
18688881359,xiaomi
18688881360,xiaomi
18688881361,huawei
18688881362,vivo
18688881363,xiaomi
18688881364,iphone
18688881365,huawei
18688881366,vivo
18688881367,xiaomi
18688881368,iphone
18688881369,iphone
18688881370,huawei
18688881371,xiaomi
18688881372,iphone
18688881373,iphone
18688881374,xiaomi
18688881375,huawei
18688881376,xiaomi
18688881377,huawei
18688881378,iphone
18688881379,iphone
18688881380,huawei
18688881381,vivo
18688881382,huawei
18688881383,huawei
18688881384,vivo
18688881385,xiaomi
18688881386,huawei
18688881387,vivo
18688881388,huawei
18688881389,huawei
18688881390,xiaomi
18688881391,huawei
18688881392,iphone
18688881393,vivo
18688881394,vivo
18688881395,iphone
18688881396,huawei
18688881397,vivo
18688881398,iphone
18688881399,xiaomi
18688881400,vivo
18688881401,iphone
18688881402,xiaomi
18688881403,iphone
18688881404,vivo
18688881405,vivo
18688881406,iphone
18688881407,huawei
18688881408,huawei
18688881409,xiaomi
18688881410,vivo
18688881411,iphone
18688881412,iphone
18688881413,iphone
18688881414,vivo
18688881415,xiaomi
18688881416,iphone
18688881417,xiaomi
18688881418,xiaomi
18688881419,vivo
18688881420,huawei
18688881421,xiaomi
18688881422,iphone
18688881423,xiaomi
18688881424,huawei
18688881425,iphone
18688881426,huawei
18688881427,iphone
18688881428,vivo
18688881429,iphone
18688881430,xiaomi
18688881431,huawei
18688881432,huawei
18688881433,vivo
18688881434,vivo
18688881435,iphone
18688881436,xiaomi
18688881437,huawei
18688881438,xiaomi
18688881439,iphone
18688881440,huawei
18688881441,iphone
18688881442,xiaomi
18688881443,iphone
18688881444,iphone
18688881445,iphone
18688881446,xiaomi
18688881447,xiaomi
18688881448,iphone
18688881449,vivo
18688881450,vivo
18688881451,iphone
18688881452,vivo
18688881453,iphone
18688881454,iphone
18688881455,huawei
18688881456,iphone
18688881457,iphone
18688881458,vivo
18688881459,vivo
18688881460,vivo
18688881461,vivo
18688881462,vivo
18688881463,xiaomi
18688881464,iphone
18688881465,vivo
18688881466,huawei
18688881467,huawei
18688881468,xiaomi
18688881469,xiaomi
18688881470,xiaomi
18688881471,vivo
18688881472,huawei
18688881473,huawei
18688881474,iphone
18688881475,huawei
18688881476,vivo
18688881477,iphone
18688881478,xiaomi
18688881479,vivo
18688881480,iphone
18688881481,vivo
18688881482,xiaomi
18688881483,vivo
18688881484,iphone
18688881485,vivo
18688881486,vivo
18688881487,huawei
18688881488,xiaomi
18688881489,huawei
18688881490,xiaomi
18688881491,huawei
18688881492,huawei
18688881493,vivo
18688881494,iphone
18688881495,xiaomi
18688881496,huawei
18688881497,huawei
18688881498,xiaomi
18688881499,huawei
18688881500,vivo
18688881501,vivo
18688881502,xiaomi
18688881503,huawei
18688881504,xiaomi
18688881505,xiaomi
18688881506,huawei
18688881507,vivo
18688881508,xiaomi
18688881509,vivo
18688881510,vivo
18688881511,iphone
18688881512,huawei
18688881513,iphone
18688881514,vivo
18688881515,iphone
18688881516,huawei
18688881517,huawei
18688881518,xiaomi
18688881519,vivo
18688881520,xiaomi
18688881521,huawei
18688881522,iphone
18688881523,vivo
18688881524,vivo
18688881525,xiaomi
18688881526,huawei
18688881527,iphone
18688881528,huawei
18688881529,iphone
18688881530,vivo
18688881531,xiaomi
18688881532,huawei
18688881533,iphone
18688881534,huawei
18688881535,iphone
18688881536,iphone
18688881537,huawei
18688881538,xiaomi
18688881539,vivo
18688881540,iphone
18688881541,xiaomi
18688881542,xiaomi
18688881543,vivo
18688881544,xiaomi
18688881545,vivo
18688881546,vivo
18688881547,vivo
18688881548,iphone
18688881549,xiaomi
18688881550,huawei
18688881551,xiaomi
18688881552,huawei
18688881553,xiaomi
18688881554,iphone
18688881555,huawei
18688881556,vivo
18688881557,vivo
18688881558,iphone
18688881559,xiaomi
18688881560,iphone
18688881561,xiaomi
18688881562,huawei
18688881563,vivo
18688881564,iphone
18688881565,iphone
18688881566,vivo
18688881567,xiaomi
18688881568,iphone
18688881569,vivo
18688881570,xiaomi
18688881571,xiaomi
18688881572,xiaomi
18688881573,xiaomi
18688881574,iphone
18688881575,xiaomi
18688881576,xiaomi
18688881577,vivo
18688881578,huawei
18688881579,vivo
18688881580,vivo
18688881581,iphone
18688881582,iphone
18688881583,iphone
18688881584,iphone
18688881585,vivo
18688881586,vivo
18688881587,iphone
18688881588,huawei
18688881589,iphone
18688881590,vivo
18688881591,vivo
18688881592,huawei
18688881593,iphone
18688881594,vivo
18688881595,huawei
18688881596,vivo
18688881597,huawei
18688881598,vivo
18688881599,xiaomi
18688881600,vivo
18688881601,huawei
18688881602,huawei
18688881603,iphone
18688881604,iphone
18688881605,iphone
18688881606,vivo
18688881607,xiaomi
18688881608,iphone
18688881609,vivo
18688881610,vivo
18688881611,vivo
18688881612,huawei
18688881613,vivo
18688881614,huawei
18688881615,iphone
18688881616,huawei
18688881617,vivo
18688881618,huawei
18688881619,huawei
18688881620,huawei
18688881621,vivo
18688881622,vivo
18688881623,iphone
18688881624,huawei
18688881625,iphone
18688881626,vivo
18688881627,vivo
18688881628,huawei
18688881629,xiaomi
18688881630,huawei
18688881631,iphone
18688881632,huawei
18688881633,iphone
18688881634,iphone
18688881635,iphone
18688881636,iphone
18688881637,xiaomi
18688881638,iphone
18688881639,iphone
18688881640,xiaomi
18688881641,huawei
18688881642,huawei
18688881643,vivo
18688881644,huawei
18688881645,huawei
18688881646,huawei
18688881647,xiaomi
18688881648,xiaomi
18688881649,xiaomi
18688881650,vivo
18688881651,vivo
18688881652,xiaomi
18688881653,iphone
18688881654,vivo
18688881655,huawei
18688881656,vivo
18688881657,huawei
18688881658,huawei
18688881659,iphone
18688881660,xiaomi
18688881661,xiaomi
18688881662,vivo
18688881663,huawei
18688881664,vivo
18688881665,iphone
18688881666,vivo
18688881667,vivo
18688881668,iphone
18688881669,huawei
18688881670,iphone
18688881671,iphone
18688881672,iphone
18688881673,xiaomi
18688881674,iphone
18688881675,xiaomi
18688881676,iphone
18688881677,vivo
18688881678,vivo
18688881679,xiaomi
18688881680,xiaomi
18688881681,xiaomi
18688881682,xiaomi
18688881683,iphone
18688881684,iphone
18688881685,huawei
18688881686,huawei
18688881687,iphone
18688881688,huawei
18688881689,huawei
18688881690,huawei
18688881691,iphone
18688881692,iphone
18688881693,iphone
18688881694,xiaomi
18688881695,vivo
18688881696,xiaomi
18688881697,iphone
18688881698,vivo
18688881699,xiaomi
18688881700,vivo
18688881701,iphone
18688881702,vivo
18688881703,huawei
18688881704,huawei
18688881705,huawei
18688881706,vivo
18688881707,xiaomi
18688881708,vivo
18688881709,xiaomi
18688881710,vivo
18688881711,xiaomi
18688881712,xiaomi
18688881713,xiaomi
18688881714,xiaomi
18688881715,huawei
18688881716,xiaomi
18688881717,huawei
18688881718,vivo
18688881719,xiaomi
18688881720,huawei
18688881721,xiaomi
18688881722,vivo
18688881723,xiaomi
18688881724,iphone
18688881725,iphone
18688881726,huawei
18688881727,vivo
18688881728,xiaomi
18688881729,iphone
18688881730,iphone
18688881731,xiaomi
18688881732,huawei
18688881733,xiaomi
18688881734,vivo
18688881735,huawei
18688881736,vivo
18688881737,iphone
18688881738,huawei
18688881739,huawei
18688881740,iphone
18688881741,huawei
18688881742,vivo
18688881743,iphone
18688881744,xiaomi
18688881745,xiaomi
18688881746,vivo
18688881747,iphone
18688881748,huawei
18688881749,xiaomi
18688881750,xiaomi
18688881751,vivo
18688881752,xiaomi
18688881753,huawei
18688881754,iphone
18688881755,iphone
18688881756,iphone
18688881757,vivo
18688881758,xiaomi
18688881759,iphone
18688881760,vivo
18688881761,vivo
18688881762,vivo
18688881763,vivo
18688881764,xiaomi
18688881765,xiaomi
18688881766,iphone
18688881767,xiaomi
18688881768,iphone
18688881769,huawei
18688881770,vivo
18688881771,huawei
18688881772,huawei
18688881773,xiaomi
18688881774,iphone
18688881775,iphone
18688881776,xiaomi
18688881777,xiaomi
18688881778,xiaomi
18688881779,iphone
18688881780,xiaomi
18688881781,huawei
18688881782,huawei
18688881783,xiaomi
18688881784,huawei
18688881785,huawei
18688881786,huawei
18688881787,vivo
18688881788,vivo
18688881789,iphone
18688881790,vivo
18688881791,iphone
18688881792,iphone
18688881793,iphone
18688881794,vivo
18688881795,vivo
18688881796,iphone
18688881797,iphone
18688881798,iphone
18688881799,xiaomi
18688881800,huawei
18688881801,huawei
18688881802,iphone
18688881803,xiaomi
18688881804,xiaomi
18688881805,huawei
18688881806,xiaomi
18688881807,huawei
18688881808,vivo
18688881809,xiaomi
18688881810,xiaomi
18688881811,iphone
18688881812,huawei
18688881813,xiaomi
18688881814,iphone
18688881815,iphone
18688881816,vivo
18688881817,iphone
18688881818,xiaomi
18688881819,vivo
18688881820,iphone
18688881821,vivo
18688881822,vivo
18688881823,iphone
18688881824,iphone
18688881825,iphone
18688881826,xiaomi
18688881827,huawei
18688881828,xiaomi
18688881829,xiaomi
18688881830,xiaomi
18688881831,huawei
18688881832,vivo
18688881833,vivo
18688881834,huawei
18688881835,xiaomi
18688881836,huawei
18688881837,huawei
18688881838,vivo
18688881839,vivo
18688881840,iphone
18688881841,iphone
18688881842,vivo
18688881843,vivo
18688881844,vivo
18688881845,huawei
18688881846,vivo
18688881847,iphone
18688881848,vivo
18688881849,iphone
18688881850,huawei
18688881851,xiaomi
18688881852,vivo
18688881853,huawei
18688881854,xiaomi
18688881855,vivo
18688881856,iphone
18688881857,huawei
18688881858,iphone
18688881859,vivo
18688881860,iphone
18688881861,iphone
18688881862,vivo
18688881863,huawei
18688881864,xiaomi
18688881865,huawei
18688881866,vivo
18688881867,xiaomi
18688881868,vivo
18688881869,iphone
18688881870,xiaomi
18688881871,huawei
18688881872,iphone
18688881873,xiaomi
18688881874,vivo
18688881875,huawei
18688881876,vivo
18688881877,xiaomi
18688881878,vivo
18688881879,iphone
18688881880,xiaomi
18688881881,vivo
18688881882,huawei
18688881883,huawei
18688881884,xiaomi
18688881885,vivo
18688881886,vivo
18688881887,xiaomi
18688881888,vivo
18688881889,iphone
18688881890,xiaomi
18688881891,huawei
18688881892,xiaomi
18688881893,xiaomi
18688881894,xiaomi
18688881895,huawei
18688881896,iphone
18688881897,xiaomi
18688881898,xiaomi
18688881899,vivo
18688881900,vivo
18688881901,xiaomi
18688881902,iphone
18688881903,iphone
18688881904,xiaomi
18688881905,iphone
18688881906,iphone
18688881907,xiaomi
18688881908,vivo
18688881909,iphone
18688881910,xiaomi
18688881911,huawei
18688881912,huawei
18688881913,xiaomi
18688881914,iphone
18688881915,vivo
18688881916,iphone
18688881917,vivo
18688881918,iphone
18688881919,iphone
18688881920,vivo
18688881921,xiaomi
18688881922,vivo
18688881923,huawei
18688881924,vivo
18688881925,iphone
18688881926,huawei
18688881927,xiaomi
18688881928,huawei
18688881929,vivo
18688881930,vivo
18688881931,iphone
18688881932,vivo
18688881933,xiaomi
18688881934,huawei
18688881935,xiaomi
18688881936,huawei
18688881937,vivo
18688881938,xiaomi
18688881939,vivo
18688881940,huawei
18688881941,huawei
18688881942,vivo
18688881943,iphone
18688881944,xiaomi
18688881945,xiaomi
18688881946,iphone
18688881947,iphone
18688881948,huawei
18688881949,iphone
18688881950,xiaomi
18688881951,vivo
18688881952,xiaomi
18688881953,huawei
18688881954,xiaomi
18688881955,vivo
18688881956,xiaomi
18688881957,huawei
18688881958,huawei
18688881959,vivo
18688881960,huawei
18688881961,iphone
18688881962,xiaomi
18688881963,xiaomi
18688881964,iphone
18688881965,xiaomi
18688881966,huawei
18688881967,huawei
18688881968,huawei
18688881969,huawei
18688881970,huawei
18688881971,xiaomi
18688881972,xiaomi
18688881973,huawei
18688881974,xiaomi
18688881975,huawei
18688881976,huawei
18688881977,huawei
18688881978,iphone
18688881979,xiaomi
18688881980,huawei
18688881981,vivo
18688881982,iphone
18688881983,iphone
18688881984,huawei
18688881985,xiaomi
18688881986,xiaomi
18688881987,iphone
18688881988,vivo
18688881989,vivo
18688881990,vivo
18688881991,iphone
18688881992,xiaomi
18688881993,xiaomi
18688881994,xiaomi
18688881995,xiaomi
18688881996,xiaomi
18688881997,huawei
18688881998,iphone
18688881999,iphone
